paper_model_name,model,rmse,nasa_score,r2,rrmse,kge,paper_rmse,rmse_delta_vs_paper
SGD,sgd,15.910583729663204,401.48746767155393,0.8534071856852287,21.068039896270133,0.8875775288898011,,
BiLSTM-Attn,bilstm_attn,17.852220077804162,584.9139109459771,0.8154453806434753,23.63906260302458,0.8951939383744519,13.12,4.732220077804163
BiLSTM + Temporal Attention,bilstm_temporal_attn,18.615480611677874,661.5770933914207,0.7993269912193979,24.649735979446337,0.8898424490188431,,
CNN-LSTM,cnn_lstm,19.280664635585705,523.3665795763429,0.78472953094436,25.530541095849717,0.7469877558049565,16.33,2.9506646355857065
SVR,svr,19.726635156868618,893.1143718678173,0.774655750143378,26.121074095429847,0.7929354834816044,,
BiLSTM + Feature Attention,bilstm_feature_attn,20.058041462659432,847.5285749965498,0.7670206092470647,26.55990659780116,0.8662489968081478,,
BiLSTM,bilstm,20.068608162150117,834.0339559421778,0.7667750746403096,26.573898519796234,0.8794645656312317,,
1D CNN,cnn,21.605427575474298,4095.240019847668,0.7296874641147975,28.608881853117452,0.8379994986167991,,
